feature,direct_success,reverse_expert,middle_expert,outside_expert,overlap_expert,physics_command,futures_expert,mean_importance
game_type,22.070490532449202,2.464588558425805,0.9286615952506118,0.1781557378272267,1.2993925972828213,16.350881584207734,0.0,6.184595800777629
eb_reverse_pitcher_batter_hand,0.0,16.512166885393263,0.1921694209458616,0.8032740639900915,1.1981119898167178,8.898499605589665,8.119105301389606,5.103332466732171
balls_before,0.31139274295993546,6.49206504212026,4.032871599866257,14.355501702325594,0.9182391189366063,2.0490223837139134,0.0,4.022727512846081
season,24.810751406601643,0.4128491580097207,1.8512844732129887,0.0,0.09167248417782944,0.0,0.0,3.8809367888574546
batter_team_id,4.169318814424305,0.5150361425644873,11.272443506730458,1.2858886916527759,6.3436323019269,0.0,0.27982383125379034,3.409449041221816
same_hand,4.081074096949451,4.320326538381929,0.14393857664442464,2.7308419715087022,1.3786107569641357,0.0,9.375819947854138,3.1472302697575403
is_two_strike,0.29986651891752086,3.5762582128136677,3.114155403943785,13.440120754926152,0.6071327964600434,0.0,0.0,3.005361955294453
count_state_code,0.41771822586154284,7.2012369293343825,3.40698582529983,6.3152582096325025,3.42857259720315,0.0,0.18332691362433537,2.9932998144222487
pitcher_team_id,3.176433253417112,0.6645543971948598,9.469727050874003,0.6504839647212085,6.581240111695309,0.0,0.0,2.934634111128928
strikes_before,0.08281624907535065,4.503217696634116,3.1868545781853146,10.837329243044705,0.4936208639663188,1.014542519232552,0.2639663151175868,2.9117639236079915
eb_reverse_pitcher_game_type,0.0,6.052436360954329,0.3780457629258922,0.1265801402356304,1.0726307488883158,7.4954388243619485,0.5475398648848258,2.238953100321563
eb_outside_only_pitcher_batter_hand,0.0,1.4027886224901054,0.9549150419236464,10.648979630812061,0.2423766559152031,0.8564662842935123,1.1599100878738737,2.180776617615486
recent_game_type_prior,0.0,3.088919037982401,6.382818876329495,0.1374857598001019,5.136860480518858,0.0,0.0,2.1065834506615504
mechanical_drift,0.0,0.6355826541229532,0.12694809650365804,0.7301646774353323,0.4462405420225454,12.225141797564685,0.45273083355341825,2.0881155144575136
asof_pitcher_success_rate,7.405696563704188,0.0,0.0,0.022049849804020798,0.07722060476219153,4.633276366923026,0.30424079143666444,1.7774977395185843
asof_pitcher_ball_rate,2.971782545735853,1.5786993767209827,0.0,1.5095229083113195,0.3660547319710886,5.0099134550446545,0.8445982025141575,1.7543673171854366
asof_pitcher_prev5_game_success_rate,3.7231940396364203,0.5233992369058268,0.2596866606665243,0.10533081817354745,0.07725406407732546,0.0,6.656345450248166,1.6207443242439727
eb_middle_pitcher_game_type,0.0,0.0,4.399544143913014,0.1138023504068045,1.2855906408633935,3.1984331693078425,0.6848263890626629,1.3831709562219596
hand_matchup_code,2.7751306811791046,1.0239914264106338,0.0,0.20134927847585307,1.1790350935288074,1.9987087371313101,2.229911342001686,1.3440180798181995
asof_batter_middle_rate,0.4220702658206514,0.0,6.995381478432694,0.21641379597336513,0.5418817739025907,0.0,0.5694375858299652,1.2493121285656095
eb_reverse_middle_pitcher,0.0,2.337307648845976,0.4665875398481836,0.2055047931054678,2.143701460703845,1.648149378544407,1.7545651823551034,1.222259429057569
eb_outside_only_pitcher_game_type,0.0,0.22900043340790371,0.18294169490092463,2.0871475688410293,0.3663929064390211,2.3188330692137886,1.7892341459792855,0.9962214026831361
asof_pitcher_reverse_rate,2.9429212329134526,1.7590383319503153,0.08594019644323671,0.1732078388570636,0.21133931421445237,0.18523033492756633,0.8098568965807964,0.881076306555269
expected_extension_drift,0.0,1.2992291992182587,0.5413277093083632,0.04550150510665226,1.5280442231498266,2.4653440316034096,0.20358879855981424,0.8690050667066178
li_x_three_ball,0.30320271241092084,0.8022784151018838,1.9443648490713747,1.9038845356396885,0.35291559342615153,0.0,0.29108743571435985,0.7996762201949112
legacy_batter_relative_success,3.0926834711602016,0.0413085170500017,0.1480303471562368,0.0,0.23341843157674647,0.0,1.8600768417218472,0.7679310869521477
eb_middle_pitcher_batter_hand,0.0,0.09695801045812502,2.807751033057899,0.12743566101282505,1.0132554623113106,1.0855346985383172,0.20672001047022887,0.7625221251212437
li_x_runners,0.15085547632252755,0.5908671036966611,1.5290138842190417,1.388787076490066,0.4144216408945434,0.0,0.9409977428219316,0.7164204177778244
asof_pitcher_prev5_game_middle_rate,0.0,0.0762349087081693,3.1680034421030356,0.12054510878568749,1.378408566894371,0.0,0.23876724739867083,0.7117084676985621
expected_extension_mad,0.0,0.12111512018453094,0.4152681164485931,0.16829307982164582,0.35896503590123274,3.618146963307819,0.0,0.6688269022376888
pitcher_id,1.9683953408330537,0.9515139394130446,0.0,0.0,0.0,0.0,1.7225045820810758,0.6632019803324535
eb_reverse_middle_pitcher_batter_hand,0.0,0.14269089465405993,0.06806853308554414,0.13584089750287226,3.5765008180475286,0.0602991551385312,0.6206198864987823,0.6577171692753312
expected_spin_rate_mean,0.0,0.46169553063722585,0.09376152931574781,0.1369778359677101,0.36102655310352005,1.2530665866347581,2.185977451640641,0.6417864981856576
log_batter_n,0.0,0.11974774050774882,1.8558332798544648,0.6358366003709691,1.2195990175528926,0.0,0.6032400058183538,0.6334652348720613
outs_before,0.0,1.3129419547317207,0.44926877137826765,2.1715584844270257,0.14086250163759367,0.17231819562125286,0.0,0.6067071296851231
expected_spin_rate_drift,0.0,0.7436301589631528,0.20423161503734452,0.3599034015282903,0.683553169932663,0.038915417858574296,2.068487396596519,0.5855315942737919
legacy_pitcher_success_shrink_50,2.8411983391985327,0.0473773433507656,0.09556658065519358,0.0,0.1952641461179894,0.0,0.8221859877478942,0.5716560567243393
expected_extension_iqr,0.0,0.33448332076284554,0.6900060414002637,0.3648466184271794,1.0175833473651934,1.3355879986063348,0.2568615098849698,0.5713384052066839
is_three_ball,0.7057845389638788,0.5309214277192027,0.4556466071220353,1.55982285531537,0.1289254577522551,0.0,0.47478461100858566,0.5508407854116182
pitcher_middle_form_5,0.0627829106158405,0.1784687304516192,1.3116517579761884,0.09532718536475886,1.6867473412562353,0.0,0.4232967523258983,0.5368963825700772
expected_spin_rate_median,0.0,0.20563080148976548,0.08071912181576149,0.25202903199674165,0.2556514339932737,0.7526037152021077,2.1750306099295367,0.5316663877753124
eb_reverse_middle_pitcher_game_type,0.0,0.2936448961531949,0.0,0.12960215784849943,1.6638547554366574,0.3995528245642622,1.1023827046541592,0.5127196198081104
eb_middle_pitcher,0.0,0.45972969512746253,1.6696943942887494,0.07919450468259707,0.4862107491278062,0.6370979344733517,0.21825497122661655,0.5071688927037977
eb_outside_only_pitcher,0.0,0.16476605873517064,0.09524588275628881,0.6236325948286384,0.3220108140177907,0.6227357728558849,1.5900957689146014,0.4883552703011964
asof_pitcher_prev3_game_middle_rate,0.0,0.44468345395605197,1.4283905074768561,0.0,0.8355189410647087,0.0,0.6361712315128422,0.4778234477157799
asof_pitcher_strike_rate,0.3094361652430502,1.098338923814013,0.0,1.0809348374912022,0.31992737494795936,0.0,0.5349796721540531,0.47765956766432544
pitcher_success_form_1,0.6551336046816537,1.3145139185472436,0.18905009410405682,0.0,0.532411035530973,0.0,0.565756346858134,0.46526642853172306
risp,0.0,0.7235700183777767,0.3756532174613147,2.0252846511961433,0.07305316172707604,0.0,0.0,0.456794435537473
asof_pitcher_prev1_game_success_rate,1.825230772275166,0.23036375970293455,0.13928764728197326,0.0,0.2887643582130764,0.0,0.49401168670054174,0.42537974631052744
pitcher_success_form_5,0.20022258796355877,1.2980992544111876,0.10384323979244385,0.0,0.5794242091267027,0.0,0.7711926345750779,0.42182598940985294
game_month,0.0,0.5572774015986666,0.1600522399119317,0.0,2.2180509180646313,0.0,0.0,0.4193400799393185
pitcher_middle_form_1,0.0,0.0,1.060292869963322,0.1497068052550413,1.069177523224367,0.0,0.6012700979372547,0.41149247091142643
expected_rel_side_drift,0.0,0.46706354604131844,0.32338551403881616,0.33114238458162254,0.6333233326938219,0.9903406440911361,0.0,0.3921793459209593
expected_rel_side_median,0.0,0.3017613385839881,0.0,0.18943388266871114,0.7699386157374406,1.4806210852616701,0.0,0.3916792746074015
batter_hand,0.0,0.11696422428005848,0.11371332187071743,0.329531974737314,0.2661824762118187,1.8644531753017721,0.0,0.38440645320024014
batter_relative_success,0.0,0.7272217027398291,0.33420335619403213,0.059274731218387194,1.3360605432272166,0.0,0.22306967108607578,0.3828328577807915
expected_rel_speed_drift,0.0,0.5679842559846529,0.10716989191864215,0.18002461245733378,0.11837056644702593,1.6836221432192162,0.0,0.37959592428955297
asof_pitcher_middle_rate,0.0,0.1824625505633976,1.3400164107769152,0.0564249970279674,0.7025695581303077,0.0,0.3082093977173672,0.36995470203085074
asof_pitcher_n,0.08269542270486134,0.44927456050418685,0.2380914457522962,0.22199639789522588,0.31752228957221673,0.41753172828625557,0.8153156894833191,0.3632039334569089
num_runners_on,0.0,0.21507121648908767,0.30195484847703546,1.38081060137893,0.0,0.0,0.6303352101559573,0.3611674109287158
legacy_batter_success_shrink_50,0.07062841020777337,0.033804067654914574,0.42089065645208096,0.10777079775400104,0.6057077509967773,0.0,1.2859160292914427,0.36067395890814147
recent_f_prior,0.0,0.0949289045924708,1.7153083749372788,0.0,0.681460904213923,0.0,0.0,0.35595688339195325
pitcher_relative_to_f_prior,0.0,1.115470412703688,0.9517376413254831,0.2023077296638537,0.20524252752795594,0.0,0.0,0.3535369016029973
eb_reverse_middle_pitcher_n,0.0,0.31517105912858445,0.5467987694042514,0.12896413471193285,0.29517204574212963,0.4273741763792735,0.7385057658779554,0.3502837073205896
home_win_expectancy,0.0,0.05399629880266289,0.09745772876023377,0.0739343537484045,0.5989649669203259,0.0,1.6227408573520483,0.34958488651195363
inning,0.18977663194697655,0.0,0.0,0.036937773395684374,1.371513495020486,0.8201616278252328,0.0,0.34548421831262566
eb_reverse_middle_pitcher_game_type_n,0.0,0.2692951476428817,0.1789469498885291,0.6948812702898675,0.26710618665807,0.6950960827109195,0.28353046971352164,0.3412651581291128
batter_success_shrink_200,0.0,0.0,0.368689012465113,0.07905186565358548,0.9221052515105265,0.0,0.9706410171398153,0.3343553066812915
li,0.12586908133846653,0.1273895620866206,0.0,0.4386386640864549,0.10363422210781953,0.5978160760276193,0.8664852742493288,0.3228332685566157
pitcher_success_prev1_minus_prev5,0.0,0.1363986840593339,0.3494710983532063,0.09818419281225782,0.5971748928533911,0.0,1.0311209931046468,0.31604998016897656
pitcher_reliability_1000,0.31951836349372215,0.3052041986633885,0.12081781478425502,0.6396488651437703,0.19057196053174094,0.0,0.6200707071857489,0.3136902728289465
inning_x_score_diff,0.0,0.038396911231345934,0.936684038006214,0.5035801686251951,0.1617751855545149,0.0,0.5304882597793836,0.31013208045666474
recent_success_relative,0.0,0.9111154434461731,0.05658210323804279,0.14042722925423415,0.7586859050876631,0.0,0.28512087377510076,0.3074187935430306
asof_pitcher_prev3_game_success_rate,1.346945937526274,0.1752052532085322,0.09308314995631967,0.0,0.24617954746806284,0.0,0.25907307083125924,0.30292670842720687
eb_reverse_pitcher,0.0,0.45640948905156353,0.12356148983194795,0.28783219305664937,0.31807073899030414,0.17417232687365275,0.7265759513649473,0.2980888841670093
expected_induced_vert_break_std,0.0,0.14723100204332557,0.13475540128579908,0.3325637349483778,0.41817535236294273,0.380829833902108,0.6427404829075571,0.2937565439214444
pitcher_relative_game_type_success,0.0,0.47111235703866156,0.07217427944186643,0.0,0.42536348186310335,0.0,1.0766467188295128,0.2921852624533063
expected_zone_speed_iqr,0.0,0.0724017624647806,0.31214177836122076,0.1090361602666247,0.10811448789140451,0.059041836761070936,1.2950227174535416,0.2793941061712347
expected_release_trace,0.0,0.15834001065342734,0.0,0.0,0.45940701551160484,0.11399470726649479,1.2171837794633897,0.27841793041355956
pitcher_middle_form_3,0.0,0.12113323882223194,0.6666485027673317,0.09724120672018693,0.40395149921374945,0.0,0.6433116652599132,0.27604087325477333
asof_pitcher_prev1_game_middle_rate,0.0,0.07067751972589272,1.0063270756720728,0.11733942573173825,0.7083547715814025,0.0,0.0,0.2718141132444437
legacy_pitcher_success_shrink_200,1.1359771868763657,0.0,0.2818125009786962,0.04031409579122744,0.1219766366565149,0.0,0.27824803637611834,0.26547549381127467
expected_induced_vert_break_median,0.0,0.297894695280967,0.173429734644361,0.24502373779273606,0.20138263005401116,0.305184985169475,0.6270990230095754,0.2642878294215894
expected_extension_std,0.0,0.06470634301331675,0.190602535112901,0.16423208028362413,0.803221818459591,0.608148188340301,0.0,0.26155870931567626
expected_horz_break_drift,0.0,0.29743137500402533,0.24184089748359547,0.40480534989914596,0.5794792009306561,0.30151514037207056,0.0,0.2607245662413562
pitcher_success_form_3,0.0,0.6320485218597043,0.14036197044817722,0.0,0.7505996106208569,0.0,0.2707264636931086,0.2562480809459781
expected_induced_vert_break_drift,0.0,0.0441401722439254,0.0,0.2523820001761016,0.43998948605425553,0.34812852096603947,0.659469008695606,0.24915845544798973
expected_induced_vert_break_mean,0.0,0.20239772265861822,0.41413769127227723,0.46281033399227783,0.23776757453709438,0.24588206151005987,0.17304538100404868,0.248005823567768
expected_rel_side_std,0.0,0.14831227043117537,0.0,0.2222837724290755,0.23780541285387677,0.21567919792742374,0.9074892039290939,0.24736712251009219
legacy_pitcher_relative_success,1.2915860870368683,0.0,0.07535695082726997,0.0,0.30721928870965337,0.0,0.05556009529136937,0.24710320312359443
asof_batter_n,0.0,0.0,0.1956922891226643,0.18313147130625154,0.6911317365464374,0.0,0.6181109620281589,0.241152351286216
pitcher_success_prev3_minus_prev5,0.0,0.0760838749301092,0.1891338643224848,0.04899916269053533,0.44134785527829223,0.0,0.9293200962207633,0.2406978362060264
base_state,0.0,0.924409703800868,0.1082217111902118,0.6190125477178935,0.00013003481237722832,0.0,0.0,0.2359677139316215
season_prior_rate,1.1621691905891247,0.0949530909773594,0.39246678627416687,0.0,0.0,0.0,0.0,0.23565558112009302
fastball_minus_offspeed,0.5368793501936645,0.26053446146225645,0.0,0.054854631582910464,0.5644904607288979,0.0,0.22512317524274356,0.23455458274435328
pitcher_success_shrink_1000,0.0,0.47053000750226404,0.0,0.045819793419276396,0.7424362608578131,0.0,0.38296303555762945,0.2345355853338547
expected_rel_side_mad,0.0,0.15708138092577517,0.2109679309805066,0.17799337052518927,0.6192492421639937,0.1998922804464587,0.2719684010757079,0.2338789437310902
pitch_probability_offspeed,0.0,0.049927302763290576,0.0,0.06562048268385698,0.16121127052291512,0.5481521349118685,0.8064389012535806,0.233050013162216
score_diff_home,0.0,0.10415495387907069,0.36062540966398143,0.2089259069075613,0.42008409668251295,0.0,0.5205289048199185,0.230617038850435
fastball_minus_breaking,0.0,0.054291450736594936,0.0,0.14563251664793964,0.49665873934139776,0.0,0.9108870652708562,0.2296385388566841
pitchmix_entropy,0.0,0.15034341027884413,0.0,0.0,0.22173474368823942,0.0,1.23524958771824,0.2296182488121891
expected_induced_vert_break_mad,0.0,0.0,0.13644765182922666,0.08223371073236034,0.17765722789150132,0.19960837103114298,1.0053753174990752,0.22876032556904377
pitcher_reliability_200,0.33828234154063275,0.1190751912809316,0.0,0.43913445768689907,0.3652852498954142,0.0,0.32389098055458254,0.2265240315654943
expected_rel_height_mad,0.0,0.5519707105582802,0.08624591448382632,0.17923956195515192,0.09171459366145983,0.20689359966866103,0.4466435168042423,0.22324398530451736
legacy_batter_success_shrink_200,0.0,0.0,0.1489608346753078,0.042661402830637726,0.40218122564047015,0.0,0.9369892563111512,0.21868467420822382
asof_pitcher_offspeed_rate,0.49869574552310375,0.1662616072980044,0.0,0.20064349646022028,0.0,0.0,0.6148685086353542,0.21149562255952611
expected_spin_rate_iqr,0.0,0.0,0.0,0.06010124439553995,0.6725961129103298,0.10851327683001832,0.6174596168517154,0.2083814644268005
expected_release_cov,0.0,0.0,0.0,0.14643821114574965,0.13573066499952252,0.10630837742079505,1.0701037791483097,0.2083687189591967
run_bot_before,0.0,0.0,0.08669137627432434,0.0,1.342674496952839,0.0,0.0,0.20419512474673765
expected_spin_rate_mad,0.0,0.2910419658289263,0.0,0.0,0.16651906617414802,0.22766619277532585,0.7321526143966585,0.20248283416786553
pitcher_relative_success,0.0,0.06892283532618808,0.4155742657591007,0.1759731239681967,0.3683234415651407,0.0,0.342507351702776,0.195900145474486
expected_rel_side_mean,0.0,0.42487332915928017,0.0,0.0,0.36422164208091246,0.0,0.5666864955288902,0.19368306668129756
pitch_probability_other,0.0,0.14702137141279337,0.0,0.10749679774098192,0.7781014929140981,0.040193469375199915,0.2421915252516345,0.18785780809924396
expected_horz_break_std,0.0,0.0,0.072473287534841,0.11697759020525852,0.17065447660800484,0.274031731271689,0.6704463316362523,0.18636905960800654
expected_extension_mean,0.0,0.29430551464711857,0.16277347194831174,0.23472993784511445,0.20009130020988736,0.0,0.41243924296040596,0.18633420965869116
legacy_pitcher_success_shrink_1000,0.05988444770482471,0.08894063687544154,0.3126622893305109,0.0,0.3742349615513579,0.0,0.44452734959339724,0.1828928121507903
score_diff_pitcher_team,0.0,0.0,0.20019905995873705,0.37906137634692116,0.20858111193500053,0.0,0.48209227955981165,0.18141911825721005
recent_global_prior,0.0,0.43274798118723334,0.7801150079667477,0.0431660328057609,0.0,0.0,0.0,0.17943271742282027
eb_reverse_middle_pitcher_batter_hand_n,0.0,0.50371719577847,0.1533892103268243,0.0,0.2369624480291207,0.35954462512950014,0.0,0.17908763989484502
li_x_score_diff,0.0,0.05108771916434672,0.056705293217041215,0.13604909664260562,0.585952439269404,0.0,0.41835872706769667,0.1783076107658706
expected_induced_vert_break_iqr,0.0,0.2041260957184494,0.0,0.0,0.38066497264079274,0.06690784149090635,0.5717978008737565,0.1747852443891293
pitch_probability_breaking,0.0,0.0,0.0,0.9574648554455987,0.20143833533189207,0.04982165514200388,0.0,0.17267497798849923
expected_rel_height_median,0.0,0.11088191203991646,0.0,0.0,0.06699202671202656,0.6495575090124888,0.3741991983821842,0.171661520878088
pitcher_reliability_50,0.3927382096788229,0.15266938226799803,0.17362642191086713,0.10491589518915015,0.13958709681094145,0.0,0.23264188121842125,0.170882698153743
mechanical_instability,0.0,0.26260213495222984,0.0,0.03853576932867434,0.5044312469132501,0.1626082797521891,0.22552535747036592,0.17052896977381563
batter_success_shrink_50,0.0,0.03813869610097698,0.0,0.09120320166025576,0.5205014836194566,0.0,0.525770990284043,0.1679449102378189
expected_rel_side_iqr,0.0,0.11539928534808888,0.21968892518862726,0.11429312349777909,0.28817112907203307,0.4360024789894959,0.0,0.16765070601371773
eb_outside_only_pitcher_n,0.0,0.19236957398309942,0.20640919680010736,0.0,0.3720864483918929,0.0,0.40087052125373723,0.1673908200612624
expected_release_logdet,0.0,0.05634280493783549,0.0555028402894931,0.15274248499304965,0.30394531393857965,0.0,0.5945949444211622,0.1661611983685886
expected_horz_break_mean,0.0,0.04649945435809255,0.26162070488745226,0.6656035726463877,0.17337526167851952,0.0,0.0,0.16387128479577887
asof_pitcher_fastball_rate,0.06994513180551368,0.031000950776239513,0.11130119483065595,0.1446591642667029,0.3596235664641121,0.0,0.3704895598888024,0.15528850971886093
expected_release_det,0.0,0.0,0.07637050757326026,0.0,0.07081888775678993,0.0,0.9287715039630947,0.1537086998990207
expected_extension_median,0.0,0.0,0.0,0.0,0.37539457601123866,0.11007880392068942,0.5739042892289051,0.15133966702297616
historical_expanding_prior,0.0,0.3791035745398907,0.5781534361815631,0.0,0.09701465226893415,0.0,0.0,0.1506102375700554
expected_horz_break_median,0.0,0.13148854425289447,0.0,0.11442274892522121,0.13866193634421617,0.04732444026761473,0.5870949747655154,0.14557037779363743
asof_batter_success_rate,0.3471324884218028,0.0660441390046106,0.31618232545248975,0.0,0.25811289153271577,0.0,0.0,0.14106740634451698
run_top_before,0.0,0.19518283099829098,0.0,0.1114761500798418,0.6764592770682933,0.0,0.0,0.14044546544948946
top_bottom,0.0,0.06858752913222851,0.15283612217187825,0.05816588842120813,0.4896129538357955,0.0,0.20993308986088172,0.13987651191742745
expected_rel_speed_median,0.0,0.09415110727724622,0.09907929614393397,0.11847466201652662,0.04390037487759229,0.39011360949894264,0.23235187314742214,0.13972441756595197
expected_zone_speed_drift,0.0,0.1147040935546889,0.06841226677292674,0.0,0.20941257499313173,0.27176399509555677,0.3081746131996774,0.13892393480228307
expected_rel_height_drift,0.0,0.3183526192938246,0.09262199006438476,0.07063738857302915,0.3050908315517949,0.18035578338366903,0.0,0.13815123040952892
pitch_type_entropy,0.0,0.248807009743943,0.0,0.0,0.24115756845873768,0.43409571982830975,0.0,0.1320086140044272
eb_reverse_pitcher_game_type_n,0.0,0.0,0.11042234097076785,0.1297896652893943,0.11997616949354517,0.20387907982642797,0.27723040506257723,0.12018538009181608
expected_horz_break_iqr,0.0,0.0,0.0,0.0,0.5375227970501274,0.0,0.2666070072103995,0.11487568632293242
log_pitcher_n,0.13349848043209964,0.0,0.234603608743897,0.1259229910122182,0.2718400455431364,0.0,0.0,0.10940930367590732
is_full_count,0.06409862738252395,0.0,0.0,0.6045873678745495,0.09550510413560825,0.0,0.0,0.10917015705609738
eb_reverse_pitcher_batter_hand_n,0.0,0.0,0.07274324543189059,0.3817674721391953,0.30229471809491953,0.0,0.0,0.10811506223800078
max_pitch_probability,0.0,0.08511411319617841,0.0,0.02954455352629093,0.5072317211143113,0.13290697008358432,0.0,0.10782819398862356
expected_rel_speed_mad,0.0,0.0,0.08746431815306831,0.10379463896453281,0.0775741541156317,0.21209136554194455,0.26687334870970625,0.1068282607835548
eb_outside_only_pitcher_game_type_n,0.0,0.19038944228321508,0.16748976464570484,0.12699734413965413,0.126516099647555,0.12502063992754348,0.0,0.10520189866338181
expected_rel_height_iqr,0.0,0.0,0.0,0.23473635601674162,0.31917328177203197,0.17637349015199397,0.0,0.10432616113439537
eb_reverse_pitcher_n,0.0,0.0,0.28525367550142144,0.1956170855898596,0.19887690796632146,0.0,0.0,0.09710680986537179
pitcher_success_shrink_50,0.0,0.07461344633753109,0.06447132949584108,0.23041935626502713,0.29651714883314,0.0,0.0,0.09514589727593419
expected_rel_height_std,0.0,0.1983943119347805,0.0,0.08559533189801165,0.25840642280986803,0.11692548216740192,0.0,0.09418879268715173
expected_zone_speed_mean,0.0,0.19519553220764935,0.06321784610186514,0.1790483204689583,0.04376748487480998,0.16866609848632697,0.0,0.09284218316280139
expected_horz_break_mad,0.0,0.0,0.17497863721386164,0.17775833523161236,0.08724238096728831,0.19986954768188867,0.0,0.09140698587066443
expected_zone_speed_mad,0.0,0.07592191500549261,0.0,0.0,0.16001126193354143,0.03482510339965379,0.3475930999919143,0.0883359114758003
pitch_probability_fastball,0.0,0.05462457540674797,0.2841102884424128,0.0,0.26400351198331834,0.0,0.0,0.08610548226178273
batter_id,0.0,0.0,0.0,0.0,0.5862340184915095,0.0,0.0,0.0837477169273585
expected_rel_height_mean,0.0,0.15567813515310308,0.18793334217180432,0.0,0.1333791083451983,0.10518579051891569,0.0,0.08316805374128876
eb_middle_pitcher_game_type_n,0.0,0.0,0.0,0.038666628687247157,0.052829536674455224,0.4902302968679154,0.0,0.08310378031851683
eb_middle_pitcher_batter_hand_n,0.0,0.08234163135560874,0.046263287892045854,0.0,0.44028297046780007,0.0,0.0,0.08126969853077924
expected_rel_speed_iqr,0.0,0.0,0.0,0.0,0.033338581944848136,0.0,0.5152946142691314,0.07837617088771136
runner_on_3b,0.0,0.0,0.0,0.3604021267058572,0.1529492313231838,0.0,0.0,0.073335908289863
pitcher_success_shrink_200,0.0,0.17076346753459967,0.0,0.12031705610328955,0.2029800931308824,0.0,0.0,0.07058008810982451
eb_outside_only_pitcher_batter_hand_n,0.0,0.0789236770288778,0.0,0.06874385080685493,0.0,0.05894247785083001,0.28563502377550015,0.07032071849458041
runner_on_2b,0.0,0.08140026638753672,0.0,0.3320158757546815,0.07501731980244417,0.0,0.0,0.06977620884923749
expected_rel_speed_mean,0.0,0.07679616821668865,0.0,0.11515404498668165,0.13722795224335213,0.15193852612024333,0.0,0.06873095593813797
expected_zone_speed_median,0.0,0.0709797635588857,0.15051257645558944,0.07671217940814687,0.13926600407024134,0.03923003008728176,0.0,0.06810007908287788
expected_zone_speed_std,0.0,0.0,0.0,0.07117093041652352,0.07664056435485128,0.2781840752141014,0.0,0.06085650999792517
runner_on_1b,0.0,0.0,0.0,0.34189773053057826,0.052013818868490796,0.0,0.0,0.05627307848558129
asof_pitcher_breaking_rate,0.05809577628242374,0.22002714822826683,0.06796314573283636,0.0,0.03391822384566246,0.0,0.0,0.05428632772702705
pitcher_relative_historical,0.0,0.0,0.0,0.08294452662240248,0.2185201435963031,0.0,0.0,0.04306638145981508
expected_rel_speed_std,0.0,0.0,0.0,0.0,0.21944908436877053,0.0818068080594385,0.0,0.04303655606117272
pitcher_hand,0.0,0.0,0.0,0.0,0.0,0.24043256354055445,0.0,0.03434750907722207
game_dayofweek,0.0,0.0,0.08265223070710002,0.0,0.1261899493563866,0.0,0.0,0.029834597151926663
close_game,0.0,0.06804443898940388,0.09869170960336031,0.0,0.0,0.0,0.0,0.023819449798966313
runner3_x_outs,0.0,0.0,0.0,0.040365268879416626,0.11070523451226773,0.0,0.0,0.021581500484526336
eb_middle_pitcher_n,0.0,0.08810552623629822,0.0,0.0,0.0,0.0607231365783781,0.0,0.02126123754495376
late_inning,0.0,0.0,0.0,0.0,0.14469980055820178,0.0,0.0,0.02067140007974311
expected_spin_rate_std,0.0,0.0,0.0,0.0,0.08482429159885453,0.0,0.0,0.012117755942693504
bases_loaded,0.0,0.0,0.0,0.05137023628338642,0.0,0.0,0.0,0.007338605183340917
batter_cold_start,0.0,0.0,0.0,0.0,0.006172614790135895,0.0,0.0,0.0008818021128765564
extra_inning,0.0,0.0,0.0,0.0,0.0,0.0,0.0,0.0
pitcher_cold_start,0.0,0.0,0.0,0.0,0.0,0.0,0.0,0.0
recent_history_missing,0.0,0.0,0.0,0.0,0.0,0.0,0.0,0.0
