feature,rmse_importance,logloss_importance,mean_importance
season,18.731765429792738,20.554216342524168,19.64299088615845
game_type,16.011819660823942,17.96129348533529,16.986556573079618
asof_pitcher_success_rate,5.692309700786391,5.689655715140362,5.690982707963377
batter_team_id,4.0055376165834025,3.8109788674094855,3.9082582419964442
pitcher_id,4.087809231411472,3.720297416387487,3.90405332389948
same_hand,3.752427120101351,3.9304982585911388,3.841462689346245
pitcher_team_id,3.4609381044417904,3.157276495650509,3.3091073000461497
asof_pitcher_ball_rate,3.004078641878398,3.068618161736049,3.0363484018072233
hand_matchup_code,3.0022835740355136,2.9405978338554055,2.9714407039454596
asof_pitcher_prev5_game_success_rate,2.6845877508555716,3.0171911136768546,2.850889432266213
asof_pitcher_reverse_rate,2.5312402828709395,2.719266761735866,2.625253522303403
batter_relative_success,2.38231915425269,2.7581229206281583,2.570221037440424
pitcher_success_shrink_50,2.573114005221556,2.284331959287766,2.428722982254661
asof_pitcher_prev1_game_success_rate,1.705013943549457,1.6747669230670612,1.6898904333082592
season_prior_rate,1.89373265883061,1.4052711678992953,1.6495019133649527
asof_pitcher_prev3_game_success_rate,1.2833185284853421,1.369393595686408,1.3263560620858752
pitcher_success_form_1,0.90760365335957,1.147442789938654,1.027523221649112
fastball_minus_offspeed,0.7757767375274286,1.2715163262258788,1.0236465318766537
pitcher_success_shrink_200,0.8502847671954461,1.1234501844737055,0.9868674758345758
asof_pitcher_strike_rate,0.9626236421408384,0.9667207081689572,0.9646721751548978
pitcher_relative_success,0.8085515594922157,1.06439308686366,0.9364723231779378
count_state_code,1.0107701621019547,0.7714400027707278,0.8911050824363412
pitcher_reliability_200,0.8130381331431804,0.7290322999158989,0.7710352165295397
game_month,0.8838709033507041,0.6065951607389644,0.7452330320448342
asof_batter_middle_rate,0.8084857729733719,0.6622219695995113,0.7353538712864416
asof_pitcher_offspeed_rate,0.7420781824859919,0.6771990354739758,0.7096386089799838
pitcher_success_form_5,0.8156261785578383,0.5890708416680012,0.7023485101129197
inning,0.7431650292546339,0.6251225816228558,0.6841438054387449
pitcher_reliability_1000,0.5796430092699001,0.6040586131570126,0.5918508112134564
is_three_ball,0.41140487726775476,0.6365442909272941,0.5239745840975245
asof_pitcher_breaking_rate,0.8291607978823154,0.1739262703464468,0.5015435341143811
li_x_runners,0.47211143887912416,0.5271021038139051,0.49960677134651466
asof_pitcher_middle_rate,0.5056052309765845,0.43604186543536366,0.47082354820597405
pitcher_reliability_50,0.4309853287453155,0.5036216174720891,0.4673034731087023
asof_batter_success_rate,0.43810989852513665,0.49459328066993324,0.466351589597535
strikes_before,0.49760419748815826,0.398937473398333,0.44827083544324564
is_two_strike,0.4115313323294338,0.43054206831836317,0.4210367003238985
balls_before,0.4618106444113946,0.3678223940828165,0.4148165192471055
batter_success_shrink_50,0.4124083844627426,0.3898498163187984,0.4011291003907705
li,0.39464038198307716,0.3704891069317808,0.38256474445742894
pitchmix_entropy,0.5105185288084466,0.24062427571044773,0.3755714022594472
li_x_three_ball,0.34915788133081005,0.38646980828587174,0.3678138448083409
asof_pitcher_fastball_rate,0.5129418319779938,0.19455453082901164,0.3537481814035027
pitcher_success_prev3_minus_prev5,0.43816749118832143,0.24184905064500292,0.3400082709166622
log_batter_n,0.39566610764042853,0.2787328654257662,0.3371994865330974
fastball_minus_breaking,0.38849895123175526,0.2272798194690025,0.3078893853503789
pitcher_success_form_3,0.2346911816706187,0.3531025339212923,0.29389685779595554
outs_before,0.39633832920467843,0.09787054126556888,0.24710443523512365
log_pitcher_n,0.31638089575216266,0.15181127722812449,0.23409608649014357
is_full_count,0.20747270395110093,0.2549624789997281,0.23121759147541454
inning_x_score_diff,0.28205956382857766,0.16716328236261963,0.22461142309559864
pitcher_success_shrink_1000,0.19718837579041532,0.21471114280050901,0.20594975929546216
batter_hand,0.2836470218275098,0.11246117553059433,0.19805409867905205
pitcher_middle_form_3,0.3467046400338036,0.04387799575962401,0.1952913178967138
asof_pitcher_prev5_game_middle_rate,0.1383985857593879,0.2503563636174462,0.19437747468841704
pitcher_middle_form_5,0.22014619273831781,0.14507197635399244,0.18260908454615513
asof_pitcher_n,0.22501210525175153,0.12429873736109995,0.17465542130642575
home_win_expectancy,0.2267305960847592,0.10346139290858233,0.16509599449667078
asof_pitcher_prev1_game_middle_rate,0.11075401641950938,0.11709760421994343,0.1139258103197264
run_top_before,0.154970279231131,0.05789888315254214,0.10643458119183656
batter_success_shrink_200,0.14404685744043408,0.044948842414120366,0.09449784992727722
late_inning,0.060580603973626704,0.12550261167725882,0.09304160782544277
pitcher_success_prev1_minus_prev5,0.0873450021720857,0.0851711999979806,0.08625810108503315
asof_pitcher_prev3_game_middle_rate,0.16486780990423786,0.0,0.08243390495211893
asof_batter_n,0.10599108848386321,0.05631460521282749,0.08115284684834535
score_diff_home,0.15873728489531,0.0,0.079368642447655
base_state,0.15655160756574407,0.0,0.07827580378287204
li_x_score_diff,0.03927257448781915,0.09577066959045828,0.06752162203913872
pitcher_middle_form_1,0.08363021103094963,0.042430754727117194,0.06303048287903341
risp,0.05525893470881855,0.06298148349659662,0.059120209102707585
close_game,0.042822406432364214,0.05236323964149159,0.0475928230369279
game_dayofweek,0.08255735372240866,0.0,0.04127867686120433
score_diff_pitcher_team,0.050338655532462445,0.0,0.025169327766231223
pitcher_hand,0.0,0.041349950451133606,0.020674975225566803
run_bot_before,0.038426383709972,0.0,0.019213191854986
num_runners_on,0.024942298493239343,0.0,0.012471149246619672
top_bottom,0.0,0.0,0.0
runner_on_1b,0.0,0.0,0.0
runner_on_2b,0.0,0.0,0.0
batter_id,0.0,0.0,0.0
runner_on_3b,0.0,0.0,0.0
extra_inning,0.0,0.0,0.0
bases_loaded,0.0,0.0,0.0
batter_cold_start,0.0,0.0,0.0
pitcher_cold_start,0.0,0.0,0.0
recent_history_missing,0.0,0.0,0.0
runner3_x_outs,0.0,0.0,0.0
